{
  "generated_at_utc": "2026-01-03T09:16:43.557562+00:00",
  "source_file": "evidence/sprint3/override_run/bl/posterior_examples.json",
  "method": "posterior_expected_return_contribution",
  "posterior_returns": [
    0.05428571428540817,
    0.061818181818553725,
    0.04,
    0.06,
    0.08
  ],
  "per_asset_contribution": [
    0.1833333333322588,
    0.20877192982577103,
    0.1350877192982156,
    0.2026315789473234,
    0.2701754385964312
  ],
  "total_expected_return": 0.29610389610396187,
  "reconciliation_ok": true,
  "notes": [
    "Attribution derived directly from Black-Litterman posterior returns",
    "No prior data available in Sprint 3 evidence; posterior-only attribution is canonical"
  ]
}