{
  "timestamp_utc": "2026-01-03T09:41:53Z",
  "valid": true,
  "posterior": {
    "posterior_returns": [
      0.05428571428540817,
      0.061818181818553725,
      0.04,
      0.06,
      0.08
    ],
    "posterior_cov": [
      [
        0.041714285714306125,
        0.0,
        0.0,
        0.0,
        0.0
      ],
      [
        0.0,
        0.04181818181819009,
        0.0,
        0.0,
        0.0
      ],
      [
        0.0,
        0.0,
        0.042,
        0.0,
        0.0
      ],
      [
        0.0,
        0.0,
        0.0,
        0.042,
        0.0
      ],
      [
        0.0,
        0.0,
        0.0,
        0.0,
        0.042
      ]
    ],
    "valid": true,
    "errors": [],
    "decisions": [
      "tau=0.05 accepted",
      "Views validated",
      "2 views applied",
      "condition_number=1.0068493150680005",
      "is_psd=True"
    ],
    "condition_number": 1.0068493150680005,
    "tau_used": 0.05,
    "views_applied": 2,
    "timestamp": "2026-01-03T09:41:53Z"
  }
}
