{
  "__inputs": [
    {
      "name": "DS_PROMETHEUS",
      "label": "Prometheus",
      "description": "Prometheus datasource (symbolic for evidence export)",
      "type": "datasource",
      "pluginId": "prometheus",
      "pluginName": "Prometheus"
    }
  ],
  "__requires": [
    {
      "type": "grafana",
      "id": "grafana",
      "name": "Grafana",
      "version": "10.x"
    },
    {
      "type": "datasource",
      "id": "prometheus",
      "name": "Prometheus",
      "version": "2.x"
    },
    {
      "type": "panel",
      "id": "timeseries",
      "name": "Time series",
      "version": ""
    },
    {
      "type": "panel",
      "id": "stat",
      "name": "Stat",
      "version": ""
    },
    {
      "type": "panel",
      "id": "table",
      "name": "Table",
      "version": ""
    },
    {
      "type": "panel",
      "id": "text",
      "name": "Text",
      "version": ""
    }
  ],
  "dashboard": {
    "id": null,
    "uid": "sprint3-bl-operator",
    "title": "Sprint 3 \u2014 BL Posterior Operator Dashboard",
    "timezone": "utc",
    "tags": [
      "sprint3",
      "black-litterman",
      "operator-ready",
      "evidence-backed"
    ],
    "schemaVersion": 39,
    "version": 1,
    "refresh": "10s",
    "time": {
      "from": "now-15m",
      "to": "now"
    },
    "templating": {
      "list": [
        {
          "name": "econ_run_id",
          "type": "textbox",
          "label": "econ_run_id",
          "hide": 0,
          "query": "",
          "current": {
            "text": "override_run",
            "value": "override_run"
          },
          "description": "Run identifier (used for evidence directory isolation in Sprint 4 integration)."
        }
      ]
    },
    "annotations": {
      "list": [
        {
          "builtIn": 1,
          "datasource": {
            "type": "grafana",
            "uid": "-- Grafana --"
          },
          "enable": true,
          "hide": false,
          "iconColor": "rgba(0, 211, 255, 1)",
          "name": "Annotations & Alerts",
          "type": "dashboard"
        }
      ]
    },
    "panels": [
      {
        "type": "text",
        "title": "Evidence-backed snapshot",
        "gridPos": {
          "x": 0,
          "y": 0,
          "w": 24,
          "h": 6
        },
        "options": {
          "mode": "markdown",
          "content": "\n### Sprint 3 Monitoring Snapshot (generated from real evidence)\n- generated_at_utc: `2026-01-03T09:16:43.728953+00:00`\n- commit_sha: `UNKNOWN`\n- bundle_sha256: `None`\n- artifact_count: `None`\n\n#### Compute Latency (BL)\n- sample_count: `5`\n- p95_ms: `13.0`\n- SLA_p95_ms: `500` (PASS if p95 < 500)\n\n#### Numerical Stability\n- condition_number: `1.0068493150680005` (normal target < 1e6)\n\n#### Tau\n- tau_used: `None` (bounds: 0.01\u20130.10)\n\n#### Circuit Breaker / Recovery\n- breaker_open: `None`\n- failure_threshold: `None`\n- failures_observed: `None`\n- recovery_seconds: `None` (target < 300s)\n\n#### Determinism\n- determinism_ok: `None`\n- run1_sha256: `None`\n- run2_sha256: `None`\n\n#### Performance Attribution\n- total_expected_return: `0.29610389610396187`\n"
        },
        "transparent": false
      },
      {
        "type": "timeseries",
        "title": "BL compute latency (ms)",
        "gridPos": {
          "x": 0,
          "y": 6,
          "w": 12,
          "h": 8
        },
        "datasource": {
          "type": "prometheus",
          "uid": "${DS_PROMETHEUS}"
        },
        "targets": [
          {
            "expr": "econ_bl_compute_latency_ms{run_id=\"$econ_run_id\"}",
            "legendFormat": "latency_ms",
            "refId": "A"
          }
        ],
        "fieldConfig": {
          "defaults": {
            "thresholds": {
              "mode": "absolute",
              "steps": [
                {
                  "color": "green",
                  "value": null
                },
                {
                  "color": "red",
                  "value": 500
                }
              ]
            }
          },
          "overrides": []
        },
        "options": {
          "legend": {
            "showLegend": true
          }
        }
      },
      {
        "type": "stat",
        "title": "Latency p95 (evidence)",
        "gridPos": {
          "x": 12,
          "y": 6,
          "w": 12,
          "h": 4
        },
        "datasource": {
          "type": "prometheus",
          "uid": "${DS_PROMETHEUS}"
        },
        "targets": [
          {
            "expr": "histogram_quantile(0.95, sum(rate(econ_bl_compute_latency_ms_bucket{run_id=\"$econ_run_id\"}[5m])) by (le))",
            "refId": "A"
          }
        ],
        "options": {
          "reduceOptions": {
            "calcs": [
              "lastNotNull"
            ]
          },
          "orientation": "horizontal"
        },
        "description": "Evidence p95_ms=13.0 from evidence/sprint3/override_run/bl/latency_samples.json"
      },
      {
        "type": "timeseries",
        "title": "Numerical stability: condition number",
        "gridPos": {
          "x": 12,
          "y": 10,
          "w": 12,
          "h": 8
        },
        "datasource": {
          "type": "prometheus",
          "uid": "${DS_PROMETHEUS}"
        },
        "targets": [
          {
            "expr": "econ_bl_condition_number{run_id=\"$econ_run_id\"}",
            "legendFormat": "cond_num",
            "refId": "A"
          }
        ],
        "fieldConfig": {
          "defaults": {
            "thresholds": {
              "mode": "absolute",
              "steps": [
                {
                  "color": "green",
                  "value": null
                },
                {
                  "color": "orange",
                  "value": 1000000.0
                },
                {
                  "color": "red",
                  "value": 100000000.0
                }
              ]
            }
          },
          "overrides": []
        },
        "description": "Evidence condition_number=1.0068493150680005 from evidence/sprint3/override_run/bl/numerical_stability.json"
      },
      {
        "type": "timeseries",
        "title": "Tau used (after regime scaling)",
        "gridPos": {
          "x": 0,
          "y": 14,
          "w": 12,
          "h": 8
        },
        "datasource": {
          "type": "prometheus",
          "uid": "${DS_PROMETHEUS}"
        },
        "targets": [
          {
            "expr": "econ_bl_tau_used{run_id=\"$econ_run_id\"}",
            "legendFormat": "tau_used",
            "refId": "A"
          }
        ],
        "fieldConfig": {
          "defaults": {
            "thresholds": {
              "mode": "absolute",
              "steps": [
                {
                  "color": "red",
                  "value": null
                },
                {
                  "color": "green",
                  "value": 0.01
                },
                {
                  "color": "red",
                  "value": 0.1
                }
              ]
            }
          }
        },
        "description": "Evidence tau_used=None from evidence/sprint3/override_run/tau/calibration_samples.json"
      },
      {
        "type": "timeseries",
        "title": "Circuit breaker state",
        "gridPos": {
          "x": 0,
          "y": 22,
          "w": 12,
          "h": 8
        },
        "datasource": {
          "type": "prometheus",
          "uid": "${DS_PROMETHEUS}"
        },
        "targets": [
          {
            "expr": "econ_circuit_breaker_open{run_id=\"$econ_run_id\"}",
            "legendFormat": "breaker_open(0/1)",
            "refId": "A"
          }
        ],
        "description": "Evidence breaker_open=None from evidence/sprint3/override_run/resilience/circuit_breaker.json"
      },
      {
        "type": "table",
        "title": "Evidence pointers (authoritative files)",
        "gridPos": {
          "x": 12,
          "y": 18,
          "w": 12,
          "h": 12
        },
        "datasource": {
          "type": "prometheus",
          "uid": "${DS_PROMETHEUS}"
        },
        "targets": [
          {
            "expr": "econ_evidence_present{run_id=\"$econ_run_id\"}",
            "legendFormat": "{{path}}",
            "refId": "A"
          }
        ],
        "options": {
          "showHeader": true
        },
        "description": "This panel is used to validate that evidence files exist under the run directory."
      }
    ],
    "links": [
      {
        "type": "link",
        "title": "Sprint 3 Evidence Directory",
        "url": "file:///content/sprint2_v3/evidence/sprint3/override_run",
        "asDropdown": false
      }
    ],
    "description": "Operator-grade dashboard export for Sprint 3. Panels + snapshot are generated from real evidence artifacts under evidence/sprint3/override_run."
  },
  "meta": {
    "type": "db",
    "canSave": false,
    "canEdit": false,
    "createdBy": {
      "name": "evidence-generator"
    },
    "updatedBy": {
      "name": "evidence-generator"
    },
    "created": "2026-01-03T09:16:43.728953+00:00",
    "updated": "2026-01-03T09:16:43.728953+00:00"
  }
}
