{
  "timestamp_utc": "2026-01-03T09:44:24Z",
  "valid": true,
  "posterior": {
    "posterior_returns": [
      0.05,
      0.07,
      0.04,
      0.06,
      0.08
    ],
    "posterior_cov": [
      [
        1000000.0,
        0.0,
        0.0,
        0.0,
        0.0
      ],
      [
        0.0,
        1000000.0,
        0.0,
        0.0,
        0.0
      ],
      [
        0.0,
        0.0,
        1000000.0,
        0.0,
        0.0
      ],
      [
        0.0,
        0.0,
        0.0,
        1000000.0,
        0.0
      ],
      [
        0.0,
        0.0,
        0.0,
        0.0,
        1000000.0
      ]
    ],
    "valid": true,
    "errors": [],
    "decisions": [
      "tau=0.05 accepted",
      "Views validated",
      "No views applied (k=0)",
      "condition_number=1.0",
      "is_psd=True"
    ],
    "condition_number": 1.0,
    "tau_used": 0.05,
    "views_applied": 0,
    "timestamp": "2026-01-03T09:44:24Z"
  }
}
