{
  "contract": "priors_api",
  "verified_at_utc": "2026-01-03T09:16:43.804804+00:00",
  "consumer": "bl_posterior",
  "provider": "priors_service",
  "request": {
    "method": "GET",
    "path": "/priors/v1/current",
    "query": {
      "universe": "canonical"
    }
  },
  "expected_response_schema": {
    "returns": "array[number]",
    "covariance": "matrix[number]",
    "asof": "string"
  },
  "provider_example_response": {
    "returns": [
      0.05428571428540817,
      0.061818181818553725,
      0.04,
      0.06,
      0.08
    ],
    "covariance": [
      [
        0.041714285714306125,
        0.0,
        0.0,
        0.0,
        0.0
      ],
      [
        0.0,
        0.04181818181819009,
        0.0,
        0.0,
        0.0
      ],
      [
        0.0,
        0.0,
        0.042,
        0.0,
        0.0
      ],
      [
        0.0,
        0.0,
        0.0,
        0.042,
        0.0
      ],
      [
        0.0,
        0.0,
        0.0,
        0.0,
        0.042
      ]
    ],
    "asof": "2026-01-03T09:16:43Z"
  },
  "verification_result": "PASS"
}